{
  "version": 2,
  "root": "D:\\HermesData",
  "files": {
    "scripts/sovereign_openai_proxy.py": {
      "bytes": 104282,
      "newlines": 2598,
      "lines": 2598,
      "max_line_len": 137,
      "median_line_len": 34.0,
      "mean_line_len": 37.95342571208622,
      "indent_ratio": 0.9352736750651607,
      "crlf": 2497,
      "lf_only": 101,
      "cr_only": 0,
      "newline_per_kb": 25.511133273239867,
      "sha256": "3f8bfefa5c2a6d1e0ab558f84014aa4faad185cad74d06bf72468cc326efd811",
      "functions": 85,
      "classes": 4,
      "async_functions": 0
    },
    "scripts/router_bridge.py": {
      "bytes": 42529,
      "newlines": 1067,
      "lines": 1067,
      "max_line_len": 140,
      "median_line_len": 34.0,
      "mean_line_len": 37.82286785379569,
      "indent_ratio": 0.9330453563714903,
      "crlf": 1067,
      "lf_only": 0,
      "cr_only": 0,
      "newline_per_kb": 25.6908932728256,
      "sha256": "68b025c39fc64ded51fc725d52c55a7a073645437c76e6636e82692123d1eaec",
      "functions": 31,
      "classes": 0,
      "async_functions": 0
    },
    "scripts/ensure_hermes_sovereign_config.py": {
      "bytes": 22006,
      "newlines": 549,
      "lines": 549,
      "max_line_len": 111,
      "median_line_len": 36.0,
      "mean_line_len": 38.134790528233154,
      "indent_ratio": 0.8817427385892116,
      "crlf": 483,
      "lf_only": 66,
      "cr_only": 0,
      "newline_per_kb": 25.546487321639553,
      "sha256": "bcb6693b6162e0a69f92bab1289c4c8f7513e933d6e12c633685b2f301eff692",
      "functions": 13,
      "classes": 0,
      "async_functions": 0
    },
    "scripts/validate_hermes_stack_config.py": {
      "bytes": 6718,
      "newlines": 190,
      "lines": 191,
      "max_line_len": 119,
      "median_line_len": 28.0,
      "mean_line_len": 34.17801047120419,
      "indent_ratio": 0.8662420382165605,
      "crlf": 0,
      "lf_only": 190,
      "cr_only": 0,
      "newline_per_kb": 28.961000297707653,
      "sha256": "7285fdf59327d875796ff1dc6e5a77beb0f1762f1d91ff278f85ca3ed2d08bf2",
      "functions": 5,
      "classes": 0,
      "async_functions": 0
    },
    "scripts/Start-Sovereign-Proxy-8091.ps1": {
      "bytes": 4125,
      "newlines": 102,
      "lines": 103,
      "max_line_len": 134,
      "median_line_len": 26.0,
      "mean_line_len": 38.10679611650485,
      "indent_ratio": 0.5714285714285714,
      "crlf": 98,
      "lf_only": 4,
      "cr_only": 0,
      "newline_per_kb": 25.32072727272727,
      "sha256": "cbfd862dbe5ca8ee1398b06f494ce090f164026f9d130bb073baf920c3ff17f2",
      "functions": 0,
      "classes": 0,
      "async_functions": 0
    },
    "scripts/Phronesis-ForkGuard.ps1": {
      "bytes": 14428,
      "newlines": 375,
      "lines": 376,
      "max_line_len": 129,
      "median_line_len": 31.0,
      "mean_line_len": 37.369680851063826,
      "indent_ratio": 0.7885196374622356,
      "crlf": 0,
      "lf_only": 375,
      "cr_only": 0,
      "newline_per_kb": 26.61491544219573,
      "sha256": "c5b0b3dd68cd7bbbcef0324c591fc0360474b3c9868b42901212b61595b5d4e8",
      "functions": 0,
      "classes": 0,
      "async_functions": 0
    },
    "scripts/purge_expired_compression_locks.py": {
      "bytes": 869,
      "newlines": 31,
      "lines": 32,
      "max_line_len": 96,
      "median_line_len": 20.5,
      "mean_line_len": 26.1875,
      "indent_ratio": 0.64,
      "crlf": 0,
      "lf_only": 31,
      "cr_only": 0,
      "newline_per_kb": 36.52934407364787,
      "sha256": "725396e9bfc5a9ca052ed1c37ee07c1e2de39a3f04ef8ddfd1d43818aef2d184",
      "functions": 1,
      "classes": 0,
      "async_functions": 0
    },
    "scripts/ops/07-stack-preflight.ps1": {
      "bytes": 4215,
      "newlines": 103,
      "lines": 104,
      "max_line_len": 133,
      "median_line_len": 34.5,
      "mean_line_len": 39.53846153846154,
      "indent_ratio": 0.6588235294117647,
      "crlf": 0,
      "lf_only": 103,
      "cr_only": 0,
      "newline_per_kb": 25.023013048635825,
      "sha256": "fd52c10b509e9ee3d2f5182fa8cdb10f1115e8074e99b9ff9473b176d601ccf2",
      "functions": 0,
      "classes": 0,
      "async_functions": 0
    },
    "hermes-agent/agent/error_classifier.py": {
      "bytes": 65894,
      "newlines": 1538,
      "lines": 1538,
      "max_line_len": 184,
      "median_line_len": 34.0,
      "mean_line_len": 39.98829648894668,
      "indent_ratio": 0.9253886010362694,
      "crlf": 1530,
      "lf_only": 8,
      "cr_only": 0,
      "newline_per_kb": 23.900688985340093,
      "sha256": "1b4fa2112f7dea6c6bef30c0e9934d2cc0e7a0e73359d55bebc3454f8672c9b7",
      "functions": 15,
      "classes": 2,
      "async_functions": 0
    },
    "hermes-agent/agent/chat_completion_helpers.py": {
      "bytes": 154030,
      "newlines": 3020,
      "lines": 3020,
      "max_line_len": 152,
      "median_line_len": 51.0,
      "mean_line_len": 48.798675496688745,
      "indent_ratio": 0.9754485363550519,
      "crlf": 3006,
      "lf_only": 14,
      "cr_only": 0,
      "newline_per_kb": 20.07712783224047,
      "sha256": "77652ed33d0c2bf134e91f9b20178373041e98f060a1ddb43d41af50f57c771c",
      "functions": 32,
      "classes": 0,
      "async_functions": 0
    }
  }
}
